x,y,z,type,volume,cycle entry,custom:GFP,custom:sample
-30.938408792396274,0.0,0.0,default
-21.414594542254957,0.0,0.0,default
-11.890782578727315,0.0,0.0,default
-2.366972143056109,0.0,0.0,default
7.156837756105243,0.0,0.0,default
16.680648191776456,0.0,0.0,default
26.204460155304105,0.0,0.0,default
35.72827440544545,0.0,0.0,default
