x,y,z,type,is_movable,volume,cycle entry,custom:GFP,custom:sample
-47.,0.0,0.0,wall,0
-38.72958631800793,0.0,0.0,default,1
-29.400323171657682,0.0,0.0,default,1
-20.1988971592508,0.0,0.0,default,1
-11.081625208414755,0.0,0.0,default,1
-2.0127062060827665,0.0,0.0,default,1
7.0404085919727235,0.0,0.0,default,1
16.10934745011044,0.0,0.0,default,1
25.2266546069141,0.0,0.0,default,1
34.42812204193102,0.0,0.0,default,1
43.75741834270381,0.0,0.0,default,1
